id;titulo;descripcion;create_at
1;Morado JSON array;../fake-data/blob/hipster.txt;2021-09-29T17:41:10
2;Marroquinería withdrawal hack;../fake-data/blob/hipster.txt;2021-09-29T14:58:16
3;invoice;../fake-data/blob/hipster.txt;2021-09-29T05:27:36
4;Riel Investment;../fake-data/blob/hipster.txt;2021-09-29T15:05:10
5;invoice Islandia Operativo;../fake-data/blob/hipster.txt;2021-09-29T15:50:15
6;Operaciones Won;../fake-data/blob/hipster.txt;2021-09-29T11:13:21
7;Plástico generate calculating;../fake-data/blob/hipster.txt;2021-09-29T07:25:15
8;Pescado;../fake-data/blob/hipster.txt;2021-09-29T11:52:14
9;Deportes Market Papelería;../fake-data/blob/hipster.txt;2021-09-29T14:04:50
10;transmitter;../fake-data/blob/hipster.txt;2021-09-29T06:30:53
